{
    "/home/vasu/Pictures/great_depression/PIC74.jpg": 0.58036746720667054,
    "/home/vasu/Pictures/great_depression/pic1.jpeg": 0.17105723354358732,
    "/home/vasu/Pictures/great_depression/pic10.gif": 0.28028469232231568,
    "/home/vasu/Pictures/great_depression/pic100.gif": 0.36748341604907753,
    "/home/vasu/Pictures/great_depression/pic11.jpg": 0.52714811546848639,
    "/home/vasu/Pictures/great_depression/pic12.gif": 0.38440247498875185,
    "/home/vasu/Pictures/great_depression/pic13.gif": 0.54184283404081401,
    "/home/vasu/Pictures/great_depression/pic14.gif": 0.3839429904121523,
    "/home/vasu/Pictures/great_depression/pic15.gif": 0.38554411321896381,
    "/home/vasu/Pictures/great_depression/pic16.gif": 0.33153318273446564,
    "/home/vasu/Pictures/great_depression/pic17.gif": 0.5132081127450604,
    "/home/vasu/Pictures/great_depression/pic18.jpg": 0.36635161591478105,
    "/home/vasu/Pictures/great_depression/pic19.jpg": 0.33943396210726051,
    "/home/vasu/Pictures/great_depression/pic2.jpeg": 0.29767999685422958,
    "/home/vasu/Pictures/great_depression/pic20.jpg": 0.24634013871427154,
    "/home/vasu/Pictures/great_depression/pic21.jpg": 0.57726983128936549,
    "/home/vasu/Pictures/great_depression/pic22.jpg": 0.36894817165007132,
    "/home/vasu/Pictures/great_depression/pic23.jpg": 0.33154117034923924,
    "/home/vasu/Pictures/great_depression/pic24.jpg": 0.37914858740955759,
    "/home/vasu/Pictures/great_depression/pic25.jpg": 0.2739031795177384,
    "/home/vasu/Pictures/great_depression/pic26.jpg": 0.43582388730556831,
    "/home/vasu/Pictures/great_depression/pic27.jpg": 0.4075919308189454,
    "/home/vasu/Pictures/great_depression/pic28.jpg": 0.31169328701640314,
    "/home/vasu/Pictures/great_depression/pic29.jpg": 0.28555021008345527,
    "/home/vasu/Pictures/great_depression/pic3.jpeg": 0.3553939354687804,
    "/home/vasu/Pictures/great_depression/pic30.jpg": 0.49790742142261274,
    "/home/vasu/Pictures/great_depression/pic31.jpg": 0.36143852911865459,
    "/home/vasu/Pictures/great_depression/pic32.jpg": 0.45644824394038463,
    "/home/vasu/Pictures/great_depression/pic33.jpg": 0.44189713589253043,
    "/home/vasu/Pictures/great_depression/pic34.jpg": 0.44318901989340309,
    "/home/vasu/Pictures/great_depression/pic35.jpg": 0.51925864578222469,
    "/home/vasu/Pictures/great_depression/pic36.jpg": 0.36330061918851109,
    "/home/vasu/Pictures/great_depression/pic37.jpg": 0.48195647354502547,
    "/home/vasu/Pictures/great_depression/pic38.jpg": 0.66393033837984228,
    "/home/vasu/Pictures/great_depression/pic39.jpg": 0.66523949319020403,
    "/home/vasu/Pictures/great_depression/pic4.jpg": 0.49180623283130903,
    "/home/vasu/Pictures/great_depression/pic40.jpg": 0.57023095043560379,
    "/home/vasu/Pictures/great_depression/pic41.jpg": 0.38385430659107783,
    "/home/vasu/Pictures/great_depression/pic42.jpg": 0.83384708065577362,
    "/home/vasu/Pictures/great_depression/pic43.jpg": 0.6487780307823322,
    "/home/vasu/Pictures/great_depression/pic44.jpg": 0.6741929289128209,
    "/home/vasu/Pictures/great_depression/pic45.jpg": 0.49643041925855458,
    "/home/vasu/Pictures/great_depression/pic46.jpg": 0.57587805905454781,
    "/home/vasu/Pictures/great_depression/pic47.jpg": 0.46609563434094986,
    "/home/vasu/Pictures/great_depression/pic48.jpg": 0.68336328731792861,
    "/home/vasu/Pictures/great_depression/pic49.jpg": 0.35109504499886551,
    "/home/vasu/Pictures/great_depression/pic5.jpg": 0.48307164198971203,
    "/home/vasu/Pictures/great_depression/pic50.jpg": 0.54186890341319449,
    "/home/vasu/Pictures/great_depression/pic51.jpg": 0.7212582821395519,
    "/home/vasu/Pictures/great_depression/pic52.jpg": 0.49884633725504607,
    "/home/vasu/Pictures/great_depression/pic53.jpg": 0.36772549019614698,
    "/home/vasu/Pictures/great_depression/pic54.jpg": 0.42112274125081983,
    "/home/vasu/Pictures/great_depression/pic55.jpg": 0.63115599614034934,
    "/home/vasu/Pictures/great_depression/pic56.jpg": 0.48154652777231127,
    "/home/vasu/Pictures/great_depression/pic57.jpg": 0.58829260857081256,
    "/home/vasu/Pictures/great_depression/pic58.jpg": 0.68383527291832691,
    "/home/vasu/Pictures/great_depression/pic59.jpg": 0.48092014886362916,
    "/home/vasu/Pictures/great_depression/pic6.jpg": 0.52194557734206581,
    "/home/vasu/Pictures/great_depression/pic60.jpg": 0.67645341727934005,
    "/home/vasu/Pictures/great_depression/pic61.jpg": 0.62861200204621182,
    "/home/vasu/Pictures/great_depression/pic62.jpg": 0.4948415263852759,
    "/home/vasu/Pictures/great_depression/pic63.jpg": 0.44114338249948226,
    "/home/vasu/Pictures/great_depression/pic64.jpg": 0.6279582166819565,
    "/home/vasu/Pictures/great_depression/pic65.jpg": 0.42112274125081983,
    "/home/vasu/Pictures/great_depression/pic66.jpg": 0.59683688447717587,
    "/home/vasu/Pictures/great_depression/pic67.jpg": 0.42011079225274162,
    "/home/vasu/Pictures/great_depression/pic68.jpg": 0.42447058057611076,
    "/home/vasu/Pictures/great_depression/pic69.jpg": 0.42587134591716186,
    "/home/vasu/Pictures/great_depression/pic7.jpeg": 0.4075264503140037,
    "/home/vasu/Pictures/great_depression/pic70.jpg": 0.50591486252496509,
    "/home/vasu/Pictures/great_depression/pic71.jpg": 0.49136434343945917,
    "/home/vasu/Pictures/great_depression/pic72.jpg": 0.34332147832667043,
    "/home/vasu/Pictures/great_depression/pic73.jpg": 0.42558064121638023,
    "/home/vasu/Pictures/great_depression/pic75.jpg": 0.45673402988488332,
    "/home/vasu/Pictures/great_depression/pic76.jpg": 0.37021250892089763,
    "/home/vasu/Pictures/great_depression/pic77.jpg": 0.51638366588840534,
    "/home/vasu/Pictures/great_depression/pic78.jpg": 0.38172317809788114,
    "/home/vasu/Pictures/great_depression/pic79.jpg": 0.50982835804434057,
    "/home/vasu/Pictures/great_depression/pic8.jpeg": 0.59316315265841291,
    "/home/vasu/Pictures/great_depression/pic80.jpg": 0.54096266645180169,
    "/home/vasu/Pictures/great_depression/pic81.jpg": 0.3795195063319724,
    "/home/vasu/Pictures/great_depression/pic82.jpg": 0.53353460254751617,
    "/home/vasu/Pictures/great_depression/pic83.jpg": 0.42106803332248793,
    "/home/vasu/Pictures/great_depression/pic84.jpg": 0.5901198619332072,
    "/home/vasu/Pictures/great_depression/pic85.jpg": 0.46462183453713596,
    "/home/vasu/Pictures/great_depression/pic86.jpg": 0.45635466792360641,
    "/home/vasu/Pictures/great_depression/pic87.jpg": 0.51484591487821141,
    "/home/vasu/Pictures/great_depression/pic88.jpg": 0.63222011937104727,
    "/home/vasu/Pictures/great_depression/pic89.gif": 0.48150946112660375,
    "/home/vasu/Pictures/great_depression/pic9.jpg": 0.56518516633881721,
    "/home/vasu/Pictures/great_depression/pic90.gif": 0.38389677972620645,
    "/home/vasu/Pictures/great_depression/pic91.gif": 0.62819268687883312,
    "/home/vasu/Pictures/great_depression/pic92.gif": 0.60701110096614541,
    "/home/vasu/Pictures/great_depression/pic93.gif": 0.40096073254407716,
    "/home/vasu/Pictures/great_depression/pic94.gif": 0.46092020600927863,
    "/home/vasu/Pictures/great_depression/pic95.gif": 0.44838880684888177,
    "/home/vasu/Pictures/great_depression/pic96.gif": 0.38222733383921081,
    "/home/vasu/Pictures/great_depression/pic97.gif": 0.30992620343576621,
    "/home/vasu/Pictures/great_depression/pic98.gif": 0.33153318273446564,
    "/home/vasu/Pictures/great_depression/pic99.gif": 0.27854969812809427
}